<?xml version="1.0" encoding="UTF-8"?>
<project-private xmlns="http://www.netbeans.org/ns/project-private/1">
    <editor-bookmarks xmlns="http://www.netbeans.org/ns/editor-bookmarks/2" lastBookmarkId="0"/>
    <open-files xmlns="http://www.netbeans.org/ns/projectui-open-files/2">
        <group>
            <file>file:/C:/Users/hendr/Documents/NetBeansProjects/icandy_novo/web/home/adicionar_carrinho.jsp</file>
            <file>file:/C:/Users/hendr/Documents/NetBeansProjects/icandy_novo/web/home/atualizar_carrinho.jsp</file>
            <file>file:/C:/Users/hendr/Documents/NetBeansProjects/icandy_novo/web/home/carrinho.jsp</file>
            <file>file:/C:/Users/hendr/Documents/NetBeansProjects/icandy_novo/web/home/home.jsp</file>
            <file>file:/C:/Users/hendr/Documents/NetBeansProjects/icandy_novo/web/home/remover_carrinho.jsp</file>
            <file>file:/C:/Users/hendr/Documents/NetBeansProjects/icandy_novo/web/imagem/banner.jpeg</file>
            <file>file:/C:/Users/hendr/Documents/NetBeansProjects/icandy_novo/web/pedido/cancelar_pedido.jsp</file>
            <file>file:/C:/Users/hendr/Documents/NetBeansProjects/icandy_novo/web/pedido/detalhes_pedido.jsp</file>
            <file>file:/C:/Users/hendr/Documents/NetBeansProjects/icandy_novo/web/pedido/finalizar_pedido.jsp</file>
            <file>file:/C:/Users/hendr/Documents/NetBeansProjects/icandy_novo/web/pedido/meus_pedidos.jsp</file>
            <file>file:/C:/Users/hendr/Documents/NetBeansProjects/icandy_novo/web/produto/cadastrar_produto.jsp</file>
            <file>file:/C:/Users/hendr/Documents/NetBeansProjects/icandy_novo/web/produto/editar_produto.jsp</file>
            <file>file:/C:/Users/hendr/Documents/NetBeansProjects/icandy_novo/web/produto/excluir_produto.jsp</file>
            <file>file:/C:/Users/hendr/Documents/NetBeansProjects/icandy_novo/web/produto/listar_produtos.jsp</file>
            <file>file:/C:/Users/hendr/Documents/NetBeansProjects/icandy_novo/web/index.html</file>
            <file>file:/C:/Users/hendr/Documents/NetBeansProjects/icandy_novo/web/login.jsp</file>
            <file>file:/C:/Users/hendr/Documents/NetBeansProjects/icandy_novo/src/java/Servlet/ImagemProdutoServlet.java</file>
            <file>file:/C:/Users/hendr/Documents/NetBeansProjects/icandy_novo/src/java/config/ConectaDB.java</file>
            <file>file:/C:/Users/hendr/Documents/NetBeansProjects/icandy_novo/src/java/config/MD5Util.java</file>
            <file>file:/C:/Users/hendr/Documents/NetBeansProjects/icandy_novo/src/java/model/Cliente.java</file>
            <file>file:/C:/Users/hendr/Documents/NetBeansProjects/icandy_novo/src/java/model/ItemPedido.java</file>
            <file>file:/C:/Users/hendr/Documents/NetBeansProjects/icandy_novo/src/java/model/Pedido.java</file>
            <file>file:/C:/Users/hendr/Documents/NetBeansProjects/icandy_novo/src/java/model/Produto.java</file>
            <file>file:/C:/Users/hendr/Documents/NetBeansProjects/icandy_novo/src/java/model/DAO/ClienteDAO.java</file>
            <file>file:/C:/Users/hendr/Documents/NetBeansProjects/icandy_novo/src/java/model/DAO/ItemPedidoDAO.java</file>
            <file>file:/C:/Users/hendr/Documents/NetBeansProjects/icandy_novo/src/java/model/DAO/PedidoDAO.java</file>
            <file>file:/C:/Users/hendr/Documents/NetBeansProjects/icandy_novo/src/java/model/DAO/ProdutoDAO.java</file>
        </group>
    </open-files>
</project-private>
